wavenumber,transmittance
2216.0549, 0.979999868
2215.93432621, 0.981300072
2215.813796775, 0.979200171
2215.69326734, 0.975499832
2215.572737905, 0.978700012
2215.45220847, 0.980300102
2215.331679034, 0.975499832
2215.211311832, 0.9723
2215.090782397, 0.970599947
2214.970252962, 0.974800097
2214.849723527, 0.982000155
2214.729194091, 0.976199915
2214.608664656, 0.968400085
2214.488135221, 0.973200007
2214.367605786, 0.978700012
2214.247076351, 0.977299846
2214.126546916, 0.977999929
2214.006017481, 0.978300164
2213.885488045, 0.978199853
2213.76495861, 0.979400095
2213.644429175, 0.97860005
2213.52389974, 0.982400003
2213.403532538, 0.988199895
2213.283003102, 0.985299949
2213.162473667, 0.96920013
2213.041944232, 0.963499852
2212.921414797, 0.973399931
2212.800885362, 0.975700104
2212.680355927, 0.973800128
2212.559826492, 0.975199946
2212.439297057, 0.975499832
2212.318767621, 0.967099881
2212.198238186, 0.965199904
2212.077708751, 0.974499863
2211.957179316, 0.976899998
2211.836649881, 0.977299846
2211.716120446, 0.979500057
2211.595207004, 0.98009983
2211.474677569, 0.976700074
2211.354148134, 0.973299969
2211.233618699, 0.973499893
2211.113089263, 0.971699879
2210.992559828, 0.971900151
2210.872030393, 0.970100137
2210.751500958, 0.971200068
2210.630971523, 0.982900162
2210.510442088, 0.981799882
2210.389912653, 0.971100106
2210.269383217, 0.967999888
2210.148853782, 0.976099953
2210.028324347, 0.979799944
2209.907794912, 0.973200007
2209.787344062, 0.971799841
2209.666814627, 0.947300071
2209.546285192, 0.925400012
2209.425755757, 0.943700042
2209.305226322, 0.961000103
2209.184696887, 0.97130003
2209.064167451, 0.981499996
2208.943638016, 0.984699828
2208.823108581, 0.986499842
2208.702579146, 0.982900162
2208.582049711, 0.977999929
2208.461520276, 0.98009983
2208.340990841, 0.978799974
2208.220461406, 0.976399839
2208.100010556, 0.983900131
2207.97948112, 0.988600091
2207.858951685, 0.980999837
2207.73842225, 0.973100045
2207.617892815, 0.975000021
2207.49736338, 0.981400034
2207.376833945, 0.983499935
2207.25630451, 0.980699951
2207.135775075, 0.978700012
2207.015245639, 0.973100045
2206.894716204, 0.967799964
2206.774186769, 0.970899834
2206.653657334, 0.973499893
2206.533127899, 0.979099861
2206.412403929, 0.977500119
2206.291874494, 0.963800087
2206.171345059, 0.964399859
2206.050815624, 0.974700135
2205.930286189, 0.979600019
2205.809756754, 0.977600081
2205.689227318, 0.974700135
2205.568697883, 0.976399839
2205.448168448, 0.979099861
2205.327639013, 0.98330001
2205.207109578, 0.980300102
2205.086580143, 0.973399931
2204.966050708, 0.977600081
2204.845521273, 0.979600019
2204.72515407, 0.972200038
2204.604624635, 0.971799841
2204.4840952, 0.973399931
2204.363565765, 0.971200068
2204.24303633, 0.973100045
2204.122506894, 0.978999899
2204.001977459, 0.983900131
2203.881448024, 0.977500119
2203.760918589, 0.969300092
2203.640389154, 0.967899926
2203.519859719, 0.969599978
2203.399330284, 0.97860005
2203.278800849, 0.982699889
2203.158271413, 0.978199853
2203.037741978, 0.978199853
2202.917207481, 0.977600081
2202.796678046, 0.975800066
2202.676148611, 0.976500149
2202.555619176, 0.975999991
2202.43508974, 0.98429998
2202.314560305, 0.986499842
2202.19403087, 0.971399993
2202.073501435, 0.928100033
2201.952972, 0.893499911
2201.832442565, 0.927100064
2201.71191313, 0.96190011
2201.591383695, 0.971100106
2201.470854259, 0.978799974
2201.35013029, 0.983499935
2201.229600855, 0.981599958
2201.10907142, 0.97699996
2200.988541984, 0.982799852
2200.868012549, 0.976099953
2200.747483114, 0.965800025
2200.626953679, 0.96809985
2200.506424244, 0.975099983
2200.385894809, 0.973599855
2200.265365374, 0.967700002
2200.144835938, 0.968799933
2200.024306503, 0.976199915
2199.903777068, 0.983900131
2199.783247633, 0.975099983
2199.663069903, 0.968500047
2199.542540468, 0.969799902
2199.422011033, 0.970899834
2199.301481597, 0.973200007
2199.180952162, 0.973800128
2199.060422727, 0.969599978
2198.939893292, 0.974100014
2198.819363857, 0.976199915
2198.698834422, 0.954400166
2198.578304987, 0.950000092
2198.457775552, 0.962000072
2198.337246116, 0.971599917
2198.216716681, 0.980799913
2198.096187246, 0.988099933
2197.975273804, 0.994000135
2197.854744369, 0.990799954
2197.734214934, 0.980899875
2197.613685499, 0.972699848
2197.493156064, 0.974299938
2197.372626629, 0.977299846
2197.252097194, 0.975199946
2197.131567758, 0.969300092
2197.011038323, 0.969899864
2196.890508888, 0.975000021
2196.769979453, 0.976700074
2196.649450018, 0.977299846
2196.528920583, 0.977099922
2196.408391148, 0.979300133
2196.287861712, 0.981400034
2196.16749451, 0.980799913
2196.046965075, 0.973399931
2195.92643564, 0.975199946
2195.805906205, 0.980400065
2195.685376769, 0.977500119
2195.564847334, 0.971200068
2195.444317899, 0.97130003
2195.323788464, 0.97860005
2195.203259029, 0.980699951
2195.082729594, 0.980899875
2194.962200159, 0.970100137
2194.841670724, 0.965500139
2194.721141288, 0.966500108
2194.600611853, 0.96809985
2194.480082418, 0.972699848
2194.359547921, 0.975999991
2194.239018486, 0.943999928
2194.118489051, 0.863500136
2193.997959615, 0.872700132
2193.87743018, 0.950399941
2193.756900745, 0.97069991
2193.63637131, 0.970400023
2193.515841875, 0.981300072
2193.39531244, 0.985299949
2193.274783005, 0.971799841
2193.15425357, 0.965500139
2193.033724134, 0.973399931
2192.913194699, 0.979999868
2192.792827497, 0.979400095
2192.672298062, 0.981400034
2192.551768627, 0.985800108
2192.431239191, 0.982499965
2192.310709756, 0.982699889
2192.190180321, 0.979200171
2192.069650886, 0.969300092
2191.949121451, 0.96760004
2191.828592016, 0.975800066
2191.708062581, 0.977999929
2191.587533146, 0.976199915
2191.46700371, 0.974600173
2191.346474275, 0.973700166
2191.22594484, 0.974000052
2191.105415405, 0.975099983
2190.984880908, 0.96920013
2190.864351473, 0.937100105
2190.743822037, 0.930299896
2190.623292602, 0.955700022
2190.502763167, 0.966199874
2190.382233732, 0.973599855
2190.261704297, 0.983000124
2190.141174862, 0.984699828
2190.020645427, 0.9723
2189.900115991, 0.957599998
2189.779586556, 0.958100157
2189.659057121, 0.97130003
2189.538527686, 0.982799852
2189.417803716, 0.983800169
2189.297274281, 0.977500119
2189.176744846, 0.977999929
2189.056215411, 0.980300102
2188.935685976, 0.976800036
2188.815156541, 0.975999991
2188.694627106, 0.972699848
2188.574097671, 0.976500149
2188.453568235, 0.983499935
2188.3330388, 0.98429998
2188.212509365, 0.981499996
2188.09197993, 0.976700074
2187.971450495, 0.972699848
2187.85092106, 0.970899834
2187.73047021, 0.9723
2187.609940775, 0.969500016
2187.48941134, 0.976600112
2187.368881904, 0.987199925
2187.248352469, 0.984900101
2187.127823034, 0.97699996
2187.007293599, 0.975099983
2186.886764164, 0.973499893
2186.766234729, 0.971699879
2186.645705294, 0.973399931
2186.525175859, 0.969300092
2186.404646423, 0.96450017
2186.284116988, 0.973499893
2186.163587553, 0.972699848
2186.043136703, 0.871000079
2185.922607268, 0.80049998
2185.802077833, 0.878500023
2185.681548398, 0.947599957
2185.561018963, 0.966500108
2185.440489528, 0.96969994
2185.319960092, 0.976199915
2185.199430657, 0.978700012
2185.078901222, 0.969599978
2184.958371787, 0.97069991
2184.837842352, 0.974499863
2184.717312917, 0.978799974
2184.596783482, 0.978400126
2184.476254047, 0.982900162
2184.355530077, 0.978199853
2184.235000642, 0.975299908
2184.114471207, 0.981400034
2183.993941772, 0.979899906
2183.873412336, 0.968300123
2183.752882901, 0.957300112
2183.632353466, 0.963000041
2183.511824031, 0.969899864
2183.391294596, 0.974600173
2183.270765161, 0.973499893
2183.150235726, 0.974100014
2183.029706291, 0.975900029
2182.909176855, 0.971399993
2182.78864742, 0.933700001
2182.66846969, 0.905499891
2182.547940255, 0.942500148
2182.42741082, 0.971799841
2182.306881385, 0.974100014
2182.18635195, 0.973200007
2182.065822514, 0.980400065
2181.945293079, 0.989899947
2181.824763644, 0.990300144
2181.704234209, 0.986299918
2181.583704774, 0.978099891
2181.463175339, 0.973299969
2181.342645904, 0.969999827
2181.222116469, 0.974900059
2181.101587033, 0.977800005
2180.980673591, 0.981400034
2180.860144156, 0.983399972
2180.739614721, 0.975199946
2180.619085286, 0.971200068
2180.498555851, 0.970599947
2180.378026416, 0.969799902
2180.257496981, 0.975999991
2180.136967546, 0.98020014
2180.01643811, 0.97539987
2179.895908675, 0.976899998
2179.77537924, 0.975499832
2179.654849805, 0.973299969
2179.53432037, 0.978400126
2179.413790935, 0.988400167
2179.2932615, 0.988400167
2179.173083769, 0.986299918
2179.052554334, 0.986499842
2178.932024899, 0.977299846
2178.811495464, 0.976899998
2178.690966029, 0.976099953
2178.570436594, 0.975299908
2178.449907159, 0.975999991
2178.329377724, 0.975600142
2178.208848288, 0.971499955
2178.088318853, 0.974000052
2177.967789418, 0.973700166
2177.847259983, 0.974199976
2177.726730548, 0.926200057
2177.606201113, 0.789699893
2177.485287671, 0.785700016
2177.364758236, 0.905399929
2177.244228801, 0.963600162
2177.123699366, 0.979200171
2177.00316993, 0.980699951
2176.882640495, 0.980999837
2176.76211106, 0.975999991
2176.641581625, 0.975199946
2176.52105219, 0.976500149
2176.400522755, 0.971499955
2176.27999332, 0.972599886
2176.159463884, 0.975700104
2176.038934449, 0.969300092
2175.918405014, 0.96660007
2175.797875579, 0.979099861
2175.677341082, 0.978099891
2175.556811647, 0.964199935
2175.436282211, 0.959799861
2175.315752776, 0.967799964
2175.195223341, 0.971900151
2175.074693906, 0.974499863
2174.954164471, 0.972599886
2174.833635036, 0.971900151
2174.713105601, 0.976700074
2174.592576166, 0.986499842
2174.47204673, 0.958799892
2174.351517295, 0.885800043
2174.23098786, 0.892100093
2174.11081013, 0.942700073
2173.990280695, 0.960000134
2173.86975126, 0.968500047
2173.749221825, 0.972200038
2173.628692389, 0.973499893
2173.508162954, 0.975099983
2173.387633519, 0.978799974
2173.267104084, 0.968899895
2173.146574649, 0.965500139
2173.026045214, 0.972100076
2172.905515779, 0.976199915
2172.784986344, 0.979600019
2172.664456908, 0.983200048
2172.543927473, 0.986800077
2172.423370799, 0.984399942
2172.302841363, 0.98169992
2172.182311928, 0.978300164
2172.061782493, 0.980400065
2171.941253058, 0.979500057
2171.820723623, 0.977700043
2171.700194188, 0.976199915
2171.579664753, 0.974800097
2171.459135317, 0.975099983
2171.338605882, 0.97539987
2171.218076447, 0.981400034
2171.097547012, 0.982200079
2170.977017577, 0.974600173
2170.856488142, 0.967199843
2170.735958707, 0.966899957
2170.615429272, 0.967700002
2170.494705302, 0.976399839
2170.374175867, 0.98009983
2170.253646432, 0.978300164
2170.133116997, 0.978199853
2170.012587561, 0.974499863
2169.892058126, 0.971599917
2169.771528691, 0.972100076
2169.650999256, 0.977299846
2169.530469821, 0.975499832
2169.409940386, 0.980500027
2169.289410951, 0.976099953
2169.168881516, 0.962199996
2169.04835208, 0.851299883
2168.927822645, 0.714399872
2168.807288148, 0.791800142
2168.686758713, 0.919999968
2168.566229278, 0.95560006
2168.445699843, 0.968799933
2168.325170407, 0.972599886
2168.204640972, 0.978799974
2168.084111537, 0.974900059
2167.963582102, 0.971100106
2167.843052667, 0.974900059
2167.722523232, 0.981400034
2167.601993797, 0.979200171
2167.481464362, 0.968699971
2167.360934926, 0.965199904
2167.240484076, 0.971399993
2167.119954641, 0.974299938
2166.999425206, 0.970899834
2166.878895771, 0.971200068
2166.758366336, 0.973399931
2166.637836901, 0.975000021
2166.517307466, 0.976199915
2166.396778031, 0.977299846
2166.276248595, 0.981499996
2166.15571916, 0.985399911
2166.035189725, 0.980799913
2165.91466029, 0.965700063
2165.794130855, 0.891300048
2165.67360142, 0.846300037
2165.55315057, 0.908800034
2165.432621135, 0.959100126
2165.3120917, 0.974600173
2165.191562264, 0.982499965
2165.071032829, 0.988099933
2164.950503394, 0.980400065
2164.829973959, 0.963900049
2164.709444524, 0.961800148
2164.588915089, 0.964700094
2164.468385654, 0.971499955
2164.347856219, 0.976099953
2164.227326783, 0.977899967
2164.106797348, 0.975999991
2163.986267913, 0.98009983
2163.865900711, 0.978400126
2163.745371276, 0.977700043
2163.62484184, 0.985299949
2163.504312405, 0.985599835
2163.38378297, 0.978099891
2163.263253535, 0.969999827
2163.1427241, 0.975499832
2163.022194665, 0.981300072
2162.90166523, 0.98120011
2162.781135795, 0.980300102
2162.660606359, 0.979200171
2162.540076924, 0.970100137
2162.419547489, 0.968899895
2162.299018054, 0.966999919
2162.178488619, 0.964600132
2162.057764649, 0.975099983
2161.937235214, 0.976299877
2161.816705779, 0.978999899
2161.696176344, 0.981400034
2161.575646909, 0.984900101
2161.455117474, 0.978400126
2161.334588038, 0.971200068
2161.214058603, 0.968400085
2161.093529168, 0.972000113
2160.972999733, 0.979699982
2160.852470298, 0.973800128
2160.731940863, 0.969799902
2160.611411428, 0.962000072
2160.490881993, 0.965199904
2160.370347495, 0.972000113
2160.24981806, 0.950900099
2160.129288625, 0.80370016
2160.00875919, 0.679100015
2159.888229755, 0.788400038
2159.76770032, 0.91379988
2159.647170884, 0.953099962
2159.526641449, 0.972499924
2159.406112014, 0.977500119
2159.285582579, 0.974900059
2159.165053144, 0.975299908
2159.044523709, 0.979300133
2158.923994274, 0.977299846
2158.803627071, 0.982000155
2158.683097636, 0.986000032
2158.562568201, 0.979500057
2158.442038766, 0.966500108
2158.321509331, 0.966500108
2158.200979896, 0.971699879
2158.08045046, 0.973800128
2157.959921025, 0.971499955
2157.83939159, 0.972399962
2157.718862155, 0.974600173
2157.59833272, 0.976299877
2157.477803285, 0.978500088
2157.35727385, 0.976500149
2157.236744415, 0.982100117
2157.116214979, 0.982900162
2156.99549101, 0.94199999
2156.874961575, 0.845100143
2156.75443214, 0.843699977
2156.633902704, 0.928499882
2156.513373269, 0.959000164
2156.392843834, 0.964600132
2156.272314399, 0.964700094
2156.151784964, 0.964299897
2156.031255529, 0.962599845
2155.910726094, 0.968999857
2155.790196658, 0.973700166
2155.669667223, 0.974199976
2155.549137788, 0.972800159
2155.428608353, 0.97390009
2155.307884383, 0.977800005
2155.187354948, 0.974199976
2155.066825513, 0.981499996
2154.946296078, 0.984900101
2154.825766643, 0.987199925
2154.705237208, 0.979999868
2154.584707773, 0.974600173
2154.464178338, 0.975800066
2154.343648902, 0.981300072
2154.223119467, 0.984900101
2154.102590032, 0.974299938
2153.982060597, 0.970899834
2153.861531162, 0.975900029
2153.741001727, 0.983599897
2153.620634524, 0.975000021
2153.500105089, 0.970200099
2153.379575654, 0.967400115
2153.259046219, 0.97069991
2153.138516784, 0.979099861
2153.017987349, 0.978899936
2152.897457914, 0.975999991
2152.776928478, 0.967099881
2152.656399043, 0.966299836
2152.535869608, 0.96499998
2152.415340173, 0.970200099
2152.294810738, 0.973399931
2152.174281303, 0.97539987
2152.053751868, 0.97860005
2151.933222433, 0.98120011
2151.812877407, 0.976899998
2151.692347972, 0.973700166
2151.571818537, 0.977700043
2151.451289102, 0.969799902
2151.330759667, 0.963199966
2151.210230232, 0.965999949
2151.089700797, 0.928700154
2150.969171362, 0.744300033
2150.848641926, 0.651500026
2150.728112491, 0.798699965
2150.607583056, 0.912500024
2150.487053621, 0.943700042
2150.366329651, 0.962700155
2150.245800216, 0.978899936
2150.125270781, 0.986600153
2150.004741346, 0.983800169
2149.884211911, 0.981100148
2149.763682476, 0.975099983
2149.643153041, 0.966700032
2149.522623605, 0.965800025
2149.40209417, 0.97699996
2149.281564735, 0.980899875
2149.1610353, 0.977999929
2149.040505865, 0.975900029
2148.91997643, 0.979500057
2148.799446995, 0.981899844
2148.678912497, 0.97539987
2148.558383062, 0.971900151
2148.437853627, 0.978899936
2148.317324192, 0.979999868
2148.196794757, 0.98009983
2148.076265322, 0.982799852
2147.955735887, 0.978300164
2147.835206451, 0.895800084
2147.714677016, 0.799400048
2147.594147581, 0.859800145
2147.473618146, 0.947300071
2147.353088711, 0.968799933
2147.232559276, 0.972800159
2147.112108426, 0.96760004
2146.991578991, 0.970499985
2146.871049556, 0.969500016
2146.75052012, 0.971799841
2146.629990685, 0.967700002
2146.50946125, 0.966099911
2146.388931815, 0.97069991
2146.26840238, 0.975099983
2146.147872945, 0.974000052
2146.02734351, 0.977299846
2145.906814075, 0.984399942
2145.786284639, 0.981499996
2145.665755204, 0.973200007
2145.545225769, 0.968400085
2145.424774919, 0.977500119
2145.304245484, 0.980599989
2145.183716049, 0.984100055
2145.063186614, 0.981499996
2144.942657179, 0.975900029
2144.822127744, 0.973399931
2144.701598308, 0.965199904
2144.581068873, 0.968400085
2144.460539438, 0.979999868
2144.340010003, 0.979899906
2144.219480568, 0.9743999
2144.098951133, 0.978999899
2143.978421698, 0.983599897
2143.857892263, 0.980300102
2143.73725194, 0.968999857
2143.616722505, 0.971000144
2143.49619307, 0.970499985
2143.375663635, 0.966299836
2143.2551342, 0.962900079
2143.134604765, 0.962900079
2143.01407533, 0.9723
2142.893545894, 0.975299908
2142.773016459, 0.983699859
2142.652487024, 0.986000032
2142.531957589, 0.986099994
2142.411428154, 0.976199915
2142.290898719, 0.972000113
2142.170369284, 0.963600162
2142.049839849, 0.956699991
2141.929221704, 0.965899987
2141.808692269, 0.971699879
2141.688162834, 0.911999866
2141.567633398, 0.708300094
2141.447103963, 0.645700135
2141.326574528, 0.815199981
2141.206045093, 0.925400012
2141.085515658, 0.952499841
2140.964986223, 0.96969994
2140.844456788, 0.97699996
2140.723927353, 0.974000052
2140.603397917, 0.979200171
2140.482947067, 0.984900101
2140.362417632, 0.979300133
2140.241888197, 0.972200038
2140.121358762, 0.973800128
2140.000829327, 0.975800066
2139.880299892, 0.970899834
2139.759770457, 0.975299908
2139.639241022, 0.986199956
2139.518711586, 0.987299888
2139.398182151, 0.979099861
2139.277652716, 0.973599855
2139.157123281, 0.973399931
2139.036593846, 0.974800097
2138.916064411, 0.97390009
2138.795529913, 0.972599886
2138.675000478, 0.974199976
2138.554471043, 0.948000154
2138.433941608, 0.836800154
2138.313412173, 0.788599962
2138.192882738, 0.886199891
2138.072353303, 0.948499964
2137.951823868, 0.961399951
2137.831294432, 0.976099953
2137.710764997, 0.979400095
2137.590235562, 0.972200038
2137.469706127, 0.97130003
2137.349176692, 0.979200171
2137.228725842, 0.982400003
2137.108196407, 0.987099963
2136.987666972, 0.983699859
2136.867137537, 0.97699996
2136.746608101, 0.971200068
2136.626078666, 0.967099881
2136.505549231, 0.959699899
2136.385019796, 0.959400013
2136.264490361, 0.967099881
2136.143960926, 0.973200007
2136.023431491, 0.975299908
2135.902902056, 0.972699848
2135.78237262, 0.97390009
2135.661843185, 0.975199946
2135.541119216, 0.980599989
2135.420589781, 0.984000093
2135.300060345, 0.982300041
2135.17953091, 0.981499996
2135.059001475, 0.978700012
2134.93847204, 0.971100106
2134.817942605, 0.975000021
2134.69741317, 0.97699996
2134.576883735, 0.974900059
2134.4563543, 0.982400003
2134.335824864, 0.985700146
2134.215295429, 0.989400137
2134.094765994, 0.985399911
2133.974236559, 0.978899936
2133.853785709, 0.972499924
2133.733256274, 0.973599855
2133.612726839, 0.973399931
2133.492197404, 0.969100168
2133.371667969, 0.970499985
2133.251138533, 0.976899998
2133.130609098, 0.985599835
2133.010079663, 0.980300102
2132.889550228, 0.977199884
2132.769020793, 0.973599855
2132.648491358, 0.976199915
2132.527961923, 0.969899864
2132.407432488, 0.962900079
2132.286903052, 0.95560006
2132.166368555, 0.94990013
2132.04583912, 0.87879991
2131.925309685, 0.677200038
2131.80478025, 0.6559001
2131.684250815, 0.839499827
2131.563721379, 0.936400022
2131.443191944, 0.956699991
2131.322662509, 0.968500047
2131.202133074, 0.983000124
2131.081603639, 0.982000155
2130.961074204, 0.974000052
2130.840544769, 0.980300102
2130.720015333, 0.981799882
2130.599564484, 0.976700074
2130.479035048, 0.968999857
2130.358505613, 0.972200038
2130.237976178, 0.97390009
2130.117446743, 0.964099973
2129.996917308, 0.964000011
2129.876387873, 0.973599855
2129.755858438, 0.971900151
2129.635329003, 0.966199874
2129.514799567, 0.975000021
2129.394270132, 0.979600019
2129.273740697, 0.976199915
2129.153211262, 0.974900059
2129.032681827, 0.983000124
2128.91214733, 0.925200087
2128.791617894, 0.802499918
2128.671088459, 0.818600086
2128.550559024, 0.923500035
2128.430029589, 0.962499883
2128.309500154, 0.976399839
2128.188970719, 0.982200079
2128.068441284, 0.980599989
2127.947911849, 0.972699848
2127.827382413, 0.972900121
2127.706852978, 0.9723
2127.586323543, 0.961800148
2127.465794108, 0.966099911
2127.345343258, 0.983800169
2127.224813823, 0.986800077
2127.104284388, 0.973000083
2126.983754953, 0.970400023
2126.863225518, 0.977800005
2126.742696082, 0.987999971
2126.622166647, 0.990500068
2126.501637212, 0.986199956
2126.381107777, 0.975000021
2126.260578342, 0.962399921
2126.140048907, 0.963199966
2126.019519472, 0.977199884
2125.898990037, 0.988899978
2125.778460601, 0.985700146
2125.658009751, 0.984000093
2125.537480316, 0.986199956
2125.416950881, 0.988199895
2125.296421446, 0.981599958
2125.175892011, 0.972499924
2125.055362576, 0.973800128
2124.934833141, 0.975600142
2124.814303706, 0.9743999
2124.69377427, 0.983800169
2124.573244835, 0.986900039
2124.4527154, 0.976700074
2124.332185965, 0.973599855
2124.21165653, 0.973100045
2124.091127095, 0.977299846
2123.970403125, 0.982300041
2123.84987369, 0.989299826
2123.729344255, 0.98330001
2123.60881482, 0.971100106
2123.488285385, 0.966299836
2123.36775595, 0.967300153
2123.247226514, 0.975600142
2123.126697079, 0.9723
2123.006167644, 0.965299866
2122.885638209, 0.963800087
2122.765108774, 0.972000113
2122.644579339, 0.973399931
2122.524049904, 0.978300164
2122.403520468, 0.977400157
2122.282985971, 0.970400023
2122.162456536, 0.878699948
2122.041927101, 0.691600154
2121.921397666, 0.714399872
2121.800868231, 0.883599832
2121.680338795, 0.949300009
2121.55980936, 0.967500077
2121.439279925, 0.971699879
2121.31875049, 0.971900151
2121.198221055, 0.972100076
2121.07769162, 0.977099922
2120.957162185, 0.978300164
2120.83663275, 0.972800159
2120.715992427, 0.972800159
2120.595462992, 0.974499863
2120.474933557, 0.977800005
2120.354404122, 0.9743999
2120.233874687, 0.977600081
2120.113345252, 0.984900101
2119.992815817, 0.988700054
2119.872286381, 0.988400167
2119.751756946, 0.987800046
2119.631227511, 0.980699951
2119.510698076, 0.971900151
2119.390168641, 0.971900151
2119.269639206, 0.972399962
2119.149109771, 0.963199966
2119.028580336, 0.872499859
2118.908129486, 0.797300148
2118.787600051, 0.874899995
2118.667070615, 0.957599998
2118.54654118, 0.969599978
2118.426011745, 0.972900121
2118.30548231, 0.981100148
2118.184952875, 0.986600153
2118.06442344, 0.985100025
2117.943894005, 0.98429998
2117.82336457, 0.97539987
2117.702835134, 0.975099983
2117.582305699, 0.979799944
2117.461776264, 0.979400095
2117.341246829, 0.976099953
2117.220606507, 0.969999827
2117.100077072, 0.973399931
2116.979547637, 0.979600019
2116.859018201, 0.978899936
2116.738488766, 0.970799872
2116.617959331, 0.96820016
2116.497429896, 0.96760004
2116.376900461, 0.970899834
2116.256371026, 0.982900162
2116.135841591, 0.984000093
2116.015312156, 0.978300164
2115.89478272, 0.980500027
2115.774253285, 0.980799913
2115.65372385, 0.979600019
2115.533194415, 0.977500119
2115.412743565, 0.96760004
2115.29221413, 0.971799841
2115.171684695, 0.977199884
2115.05115526, 0.975900029
2114.930625825, 0.976500149
2114.810096389, 0.969500016
2114.689566954, 0.964900018
2114.569037519, 0.96920013
2114.448508084, 0.977999929
2114.327978649, 0.982599927
2114.207449214, 0.986499842
2114.086919779, 0.986299918
2113.966390344, 0.979099861
2113.845860908, 0.974199976
2113.725410058, 0.975199946
2113.604880623, 0.9743999
2113.484351188, 0.970400023
2113.363821753, 0.969500016
2113.243292318, 0.970200099
2113.122762883, 0.97069991
2113.002233448, 0.97699996
2112.881704013, 0.983000124
2112.761174577, 0.974600173
2112.640645142, 0.965600101
2112.520115707, 0.964800056
2112.399586272, 0.972399962
2112.279056837, 0.975600142
2112.158527402, 0.970300061
2112.038076552, 0.85640004
2111.917547117, 0.703299899
2111.797017682, 0.778300034
2111.676488246, 0.922799952
2111.555958811, 0.95460009
2111.435429376, 0.956799953
2111.314899941, 0.958899854
2111.194370506, 0.976099953
2111.073841071, 0.984200018
2110.953311636, 0.984800138
2110.832782201, 0.981799882
2110.712252765, 0.975900029
2110.59172333, 0.96969994
2110.471193895, 0.970100137
2110.350469926, 0.978099891
2110.22994049, 0.977800005
2110.109411055, 0.977999929
2109.98888162, 0.977800005
2109.868352185, 0.978700012
2109.74782275, 0.97390009
2109.627293315, 0.976299877
2109.50676388, 0.974299938
2109.386234445, 0.971599917
2109.265705009, 0.977500119
2109.145175574, 0.984599866
2109.024646139, 0.959300051
2108.904116704, 0.865099877
2108.783587269, 0.855099836
2108.663136419, 0.937399991
2108.542606984, 0.972599886
2108.422077549, 0.978199853
2108.301548114, 0.973599855
2108.181018678, 0.966400146
2108.060489243, 0.962599845
2107.939959808, 0.965099942
2107.819430373, 0.971599917
2107.698900938, 0.977700043
2107.578371503, 0.983900131
2107.457842068, 0.980400065
2107.337312633, 0.977500119
2107.216783197, 0.976199915
2107.096253762, 0.977700043
2106.975802912, 0.979699982
2106.855273477, 0.977800005
2106.734744042, 0.975199946
2106.614214607, 0.978199853
2106.493685172, 0.984399942
2106.373155737, 0.985199987
2106.252626302, 0.979600019
2106.132096866, 0.969599978
2106.011567431, 0.971200068
2105.891037996, 0.975099983
2105.770508561, 0.973399931
2105.649979126, 0.98120011
2105.529449691, 0.987600122
2105.408920256, 0.980999837
2105.288279933, 0.972100076
2105.167750498, 0.970200099
2105.047221063, 0.972000113
2104.926691628, 0.977800005
2104.806162193, 0.983399972
2104.685632758, 0.983599897
2104.565103323, 0.981400034
2104.444573888, 0.979899906
2104.324044452, 0.980300102
2104.203515017, 0.97699996
2104.082985582, 0.972900121
2103.962456147, 0.973399931
2103.841926712, 0.970899834
2103.721397277, 0.974299938
2103.600867842, 0.983800169
2103.480227519, 0.978999899
2103.359698084, 0.973000083
2103.239168649, 0.9723
2103.118639214, 0.974900059
2102.998109779, 0.976700074
2102.877580344, 0.973399931
2102.757050909, 0.973100045
2102.636521474, 0.975099983
2102.515992038, 0.980899875
2102.395462603, 0.986900039
2102.274933168, 0.978899936
2102.154403733, 0.967500077
2102.033874298, 0.970200099
2101.913344863, 0.971100106
2101.792815428, 0.94879985
2101.67255405, 0.850600148
2101.552024615, 0.786400099
2101.43149518, 0.873199942
2101.310965745, 0.949699858
2101.19043631, 0.964700094
2101.069906874, 0.968699971
2100.949377439, 0.975299908
2100.828848004, 0.985100025
2100.708318569, 0.981300072
2100.587789134, 0.978700012
2100.467259699, 0.970100137
2100.346730264, 0.969999827
2100.226200828, 0.972100076
2100.105476859, 0.972100076
2099.984947424, 0.973399931
2099.864417989, 0.976899998
2099.743888553, 0.987099963
2099.623359118, 0.987000001
2099.502829683, 0.982499965
2099.382300248, 0.979600019
2099.261770813, 0.982599927
2099.141241378, 0.984900101
2099.020711943, 0.980300102
2098.900182508, 0.977500119
2098.779653072, 0.976600112
2098.659123637, 0.932799993
2098.538594202, 0.891900169
2098.418227, 0.927299988
2098.297697565, 0.966899957
2098.177168129, 0.979500057
2098.056638694, 0.983599897
2097.936109259, 0.987000001
2097.815579824, 0.987299888
2097.695050389, 0.982200079
2097.574520954, 0.979899906
2097.453991519, 0.973700166
2097.333462084, 0.968400085
2097.212932648, 0.972100076
2097.092403213, 0.977899967
2096.971873778, 0.977700043
2096.851344343, 0.977999929
2096.730814908, 0.977299846
2096.610364058, 0.974700135
2096.489834623, 0.96920013
2096.369305188, 0.972800159
2096.248775753, 0.983599897
2096.128246317, 0.988199895
2096.007716882, 0.988500129
2095.887187447, 0.98120011
2095.766658012, 0.976199915
2095.646128577, 0.973399931
2095.525599142, 0.9723
2095.405069707, 0.9743999
2095.284540272, 0.979600019
2095.164010836, 0.982699889
2095.043481401, 0.980599989
2094.922757432, 0.980699951
2094.802227997, 0.983599897
2094.681698561, 0.98639988
2094.561169126, 0.986000032
2094.440639691, 0.983599897
2094.320110256, 0.972900121
2094.199580821, 0.967700002
2094.079051386, 0.972399962
2093.958521951, 0.975999991
2093.837992516, 0.977700043
2093.71746308, 0.970899834
2093.596933645, 0.96760004
2093.47640421, 0.974299938
2093.355874775, 0.974800097
2093.235507572, 0.971699879
2093.114978137, 0.978500088
2092.994448702, 0.980500027
2092.873919267, 0.982000155
2092.753389832, 0.986600153
2092.632860397, 0.975299908
2092.512330962, 0.963900049
2092.391801527, 0.966999919
2092.271272091, 0.972200038
2092.150742656, 0.972399962
2092.030213221, 0.976500149
2091.909683786, 0.983000124
2091.789154351, 0.982000155
2091.668624916, 0.979899906
2091.548095481, 0.979999868
2091.427371511, 0.973100045
2091.306842076, 0.966400146
2091.186312641, 0.96820016
2091.065783206, 0.972800159
2090.945253771, 0.976700074
2090.824724335, 0.9743999
2090.7041949, 0.967799964
2090.583665465, 0.968300123
2090.46313603, 0.976299877
2090.342606595, 0.981799882
2090.22207716, 0.980400065
2090.101547725, 0.977700043
2089.98101829, 0.980799913
2089.860488854, 0.979400095
2089.740121652, 0.972800159
2089.619592217, 0.971399993
2089.499062782, 0.968799933
2089.378533347, 0.966799994
2089.258003911, 0.96920013
2089.137474476, 0.971499955
2089.016945041, 0.972399962
2088.896415606, 0.973100045
2088.775886171, 0.974700135
2088.655356736, 0.976199915
2088.534827301, 0.975299908
2088.414297865, 0.979300133
2088.29376843, 0.984900101
2088.173238995, 0.981400034
2088.05270956, 0.974700135
2087.932069238, 0.966899957
2087.811539803, 0.964700094
2087.691010368, 0.968899895
2087.570480933, 0.969999827
2087.449951497, 0.972599886
2087.329422062, 0.98009983
2087.208892627, 0.983100086
2087.088363192, 0.979899906
2086.967833757, 0.980699951
2086.847304322, 0.980400065
2086.726774887, 0.97539987
2086.606245451, 0.975700104
2086.485716016, 0.981300072
2086.365186581, 0.982400003
2086.244657146, 0.979799944
2086.124206296, 0.983100086
2086.003676861, 0.987800046
2085.883147426, 0.988400167
2085.762617991, 0.98590007
2085.642088556, 0.980699951
2085.521559121, 0.9743999
2085.401029685, 0.969599978
2085.28050025, 0.97699996
2085.159970815, 0.984399942
2085.03944138, 0.976500149
2084.918911945, 0.972100076
2084.79838251, 0.974800097
2084.677853075, 0.975600142
2084.55732364, 0.975299908
2084.436683317, 0.973800128
2084.316153882, 0.973700166
2084.195624447, 0.979200171
2084.075095012, 0.986000032
2083.954565577, 0.989600061
2083.834036142, 0.985199987
2083.713506707, 0.979500057
2083.592977271, 0.979899906
2083.472447836, 0.97699996
2083.351918401, 0.973200007
2083.231388966, 0.973299969
2083.110859531, 0.975900029
2082.990330096, 0.974499863
2082.869800661, 0.971900151
2082.749271226, 0.974499863
2082.628630903, 0.981599958
2082.508101468, 0.982499965
2082.387572033, 0.976299877
2082.267042598, 0.975099983
2082.146513163, 0.972800159
2082.025983728, 0.970200099
2081.905454293, 0.969999827
2081.784924857, 0.974700135
2081.664395422, 0.979999868
2081.543865987, 0.980699951
2081.423336552, 0.9723
2081.302807117, 0.964800056
2081.182277682, 0.968600009
2081.061748247, 0.971599917
2080.941218812, 0.970599947
2080.820873786, 0.971399993
2080.700344351, 0.97860005
2080.579814916, 0.975800066
2080.459285481, 0.960499944
2080.338756046, 0.869399989
2080.218226611, 0.789000159
2080.097697176, 0.863099939
2079.977167741, 0.940199975
2079.856638305, 0.954700052
2079.73610887, 0.95869993
2079.615579435, 0.965399828
2079.49505, 0.979699982
2079.374682797, 0.982699889
2079.254153362, 0.973100045
2079.133623927, 0.96809985
2079.013094492, 0.974700135
2078.892565057, 0.97390009
2078.772035622, 0.975000021
2078.651506187, 0.978199853
2078.530976752, 0.981599958
2078.410447316, 0.981400034
2078.289917881, 0.978500088
2078.169388446, 0.976500149
2078.048859011, 0.974299938
2077.928329576, 0.973100045
2077.807800141, 0.969799902
2077.687270706, 0.973299969
2077.566546736, 0.979799944
2077.446017301, 0.961200027
2077.325487866, 0.902599945
2077.204958431, 0.899400113
2077.084428996, 0.947200109
2076.96389956, 0.965299866
2076.843370125, 0.977600081
2076.72284069, 0.984699828
2076.602311255, 0.982599927
2076.48178182, 0.974199976
2076.361252385, 0.967700002
2076.24072295, 0.965999949
2076.120193515, 0.969500016
2075.999664079, 0.971499955
2075.879296877, 0.96920013
2075.758767442, 0.969100168
2075.638238007, 0.972599886
2075.517708572, 0.98020014
2075.397179136, 0.979099861
2075.276649701, 0.976399839
2075.156120266, 0.976399839
2075.035590831, 0.97699996
2074.915061396, 0.970899834
2074.794531961, 0.967899926
2074.674002526, 0.969999827
2074.55347309, 0.975999991
2074.432943655, 0.980999837
2074.31241422, 0.977600081
2074.191884785, 0.977800005
2074.071160815, 0.974900059
2073.95063138, 0.973800128
2073.830101945, 0.981300072
2073.70957251, 0.991599999
2073.589043075, 0.988400167
2073.46851364, 0.979999868
2073.347984205, 0.978099891
2073.22745477, 0.979300133
2073.106925334, 0.976299877
2072.986395899, 0.971499955
2072.865866464, 0.978799974
2072.745337029, 0.984900101
2072.624807594, 0.984599866
2072.504278159, 0.979999868
2072.383910956, 0.976800036
2072.263381521, 0.97390009
2072.142852086, 0.978400126
2072.022322651, 0.982599927
2071.901793216, 0.982599927
2071.781263781, 0.983200048
2071.660734346, 0.98169992
2071.54020491, 0.981499996
2071.419675475, 0.976600112
2071.29914604, 0.975700104
2071.178616605, 0.971000144
2071.05808717, 0.973000083
2070.937557735, 0.978199853
2070.8170283, 0.98020014
2070.696498864, 0.977099922
2070.575964367, 0.971100106
2070.455434932, 0.972900121
2070.334905497, 0.978799974
2070.214376062, 0.982900162
2070.093846627, 0.971799841
2069.973317191, 0.969899864
2069.852787756, 0.969799902
2069.732258321, 0.979200171
2069.611728886, 0.985599835
2069.491199451, 0.979699982
2069.370670016, 0.877600016
2069.250140581, 0.714399872
2069.129611146, 0.76140017
2069.008970823, 0.907099981
2068.888441388, 0.962100034
2068.767911953, 0.972399962
2068.647382518, 0.973599855
2068.526853083, 0.977400157
2068.406323648, 0.976800036
2068.285794213, 0.981400034
2068.165264777, 0.978099891
2068.044735342, 0.976800036
2067.924205907, 0.978500088
2067.803676472, 0.976299877
2067.683147037, 0.979200171
2067.562617602, 0.979600019
2067.442088167, 0.971799841
2067.321558732, 0.972100076
2067.201024234, 0.98169992
2067.080494799, 0.980599989
2066.959965364, 0.970499985
2066.839435929, 0.971100106
2066.718906494, 0.977099922
2066.598377059, 0.981499996
2066.477847623, 0.961800148
2066.357318188, 0.876300161
2066.236788753, 0.856599964
2066.116259318, 0.927800147
2065.995729883, 0.955799984
2065.875200448, 0.965500139
2065.754671013, 0.973800128
2065.63403069, 0.970499985
2065.513501255, 0.9723
2065.39297182, 0.977700043
2065.272442385, 0.978300164
2065.15191295, 0.97860005
2065.031383515, 0.979099861
2064.91085408, 0.973599855
2064.790324645, 0.966400146
2064.669795209, 0.969100168
2064.549265774, 0.978199853
2064.428736339, 0.978199853
2064.308206904, 0.973499893
2064.187677469, 0.973299969
2064.067148034, 0.980699951
2063.946618599, 0.977899967
2063.826167749, 0.969599978
2063.705638314, 0.967300153
2063.585108879, 0.971100106
2063.464579443, 0.974299938
2063.344050008, 0.969799902
2063.223520573, 0.96920013
2063.102991138, 0.973700166
2062.982461703, 0.979600019
2062.861932268, 0.976500149
2062.741402833, 0.971799841
2062.620873397, 0.974900059
2062.500343962, 0.976199915
2062.379814527, 0.972599886
2062.259285092, 0.972000113
2062.13864477, 0.972000113
2062.018115335, 0.974299938
2061.8975859, 0.977700043
2061.777056465, 0.974800097
2061.656527029, 0.977700043
2061.535997594, 0.980999837
2061.415468159, 0.981400034
2061.294938724, 0.98169992
2061.174409289, 0.978199853
2061.053879854, 0.974700135
2060.933350419, 0.975999991
2060.812820983, 0.977999929
2060.692291548, 0.981499996
2060.571762113, 0.981300072
2060.451232678, 0.977700043
2060.331054948, 0.977299846
2060.210525513, 0.979699982
2060.089996078, 0.983399972
2059.969466642, 0.977700043
2059.848937207, 0.974299938
2059.728407772, 0.971000144
2059.607878337, 0.971699879
2059.487348902, 0.973100045
2059.366819467, 0.976500149
2059.246290032, 0.977299846
2059.125760597, 0.966099911
2059.005231161, 0.967799964
2058.884701726, 0.973299969
2058.764172291, 0.98020014
2058.643281027, 0.978799974
2058.522751592, 0.980699951
2058.402222156, 0.973399931
2058.281692721, 0.965800025
2058.161163286, 0.876400123
2058.040633851, 0.686400035
2057.920104416, 0.706500079
2057.799574981, 0.881000121
2057.679045546, 0.955899946
2057.558516111, 0.968300123
2057.437986675, 0.972000113
2057.31745724, 0.976199915
2057.19727951, 0.976099953
2057.076750075, 0.976099953
2056.95622064, 0.975800066
2056.835691205, 0.971699879
2056.71516177, 0.975299908
2056.594632334, 0.981799882
2056.474102899, 0.985499873
2056.353573464, 0.978300164
2056.233044029, 0.968600009
2056.112514594, 0.969799902
2055.991985159, 0.97069991
2055.871455724, 0.973100045
2055.750926289, 0.972599886
2055.630396853, 0.977299846
2055.509862356, 0.982900162
2055.389332921, 0.982799852
2055.268803486, 0.940700134
2055.148274051, 0.832600004
2055.027744616, 0.826900075
2054.90721518, 0.913100145
2054.786685745, 0.953199924
2054.66615631, 0.967999888
2054.545626875, 0.972599886
2054.42509744, 0.977199884
2054.304568005, 0.975600142
2054.18403857, 0.976800036
2054.063509135, 0.977999929
2053.942595693, 0.975299908
2053.822066257, 0.985000063
2053.701536822, 0.98639988
2053.581007387, 0.98009983
2053.460477952, 0.978199853
2053.339948517, 0.977899967
2053.219419082, 0.973599855
2053.098889647, 0.973000083
2052.978360212, 0.97539987
2052.857830776, 0.979400095
2052.737301341, 0.982699889
2052.616771906, 0.981400034
2052.496242471, 0.98120011
2052.375713036, 0.979300133
2052.255183601, 0.978500088
2052.135005871, 0.979799944
2052.014476435, 0.980400065
2051.893947, 0.980999837
2051.773417565, 0.980899875
2051.65288813, 0.979600019
2051.532358695, 0.979099861
2051.41182926, 0.976500149
2051.291299825, 0.971599917
2051.17077039, 0.977199884
2051.050240954, 0.983900131
2050.929711519, 0.977299846
2050.809182084, 0.976299877
2050.688652649, 0.982699889
2050.568123214, 0.986299918
2050.447399244, 0.976899998
2050.326869809, 0.968799933
2050.206340374, 0.979699982
2050.085810939, 0.986900039
2049.965281504, 0.98429998
2049.844752069, 0.971699879
2049.724222633, 0.966799994
2049.603693198, 0.9723
2049.483163763, 0.970899834
2049.362634328, 0.97699996
2049.242104893, 0.985000063
2049.121575458, 0.981899844
2049.001046023, 0.979200171
2048.880516588, 0.981100148
2048.760149385, 0.977600081
2048.63961995, 0.970100137
2048.519090515, 0.965800025
2048.39856108, 0.96760004
2048.278031645, 0.972100076
2048.157502209, 0.978999899
2048.036972774, 0.977899967
2047.916443339, 0.975600142
2047.795913904, 0.975800066
2047.675384469, 0.972599886
2047.554855034, 0.973700166
2047.434325599, 0.974700135
2047.313796164, 0.978899936
2047.193266728, 0.973599855
2047.072737293, 0.971100106
2046.952119149, 0.969899864
2046.831589713, 0.963800087
2046.711060278, 0.843500053
2046.590530843, 0.649400126
2046.470001408, 0.70290005
2046.349471973, 0.882499901
2046.228942538, 0.94879985
2046.108413103, 0.971100106
2045.987883667, 0.980799913
2045.867354232, 0.986199956
2045.746824797, 0.985000063
2045.626295362, 0.981100148
2045.505844512, 0.974600173
2045.385315077, 0.9723
2045.264785642, 0.977199884
2045.144256207, 0.973499893
2045.023726772, 0.974100014
2044.903197337, 0.977800005
2044.782667901, 0.979699982
2044.662138466, 0.972800159
2044.541609031, 0.967099881
2044.421079596, 0.97069991
2044.300550161, 0.9723
2044.180020726, 0.974000052
2044.059491291, 0.977099922
2043.938961855, 0.977299846
2043.818321533, 0.899600037
2043.697792098, 0.8078
2043.577262663, 0.864799991
2043.456733228, 0.942500148
2043.336203793, 0.953999969
2043.215674358, 0.96760004
2043.095144923, 0.977999929
2042.974615487, 0.981100148
2042.854086052, 0.979300133
2042.733556617, 0.982499965
2042.613027182, 0.979600019
2042.492497747, 0.976700074
2042.371968312, 0.976500149
2042.251438877, 0.975999991
2042.130909441, 0.974499863
2042.010374944, 0.97069991
2041.889845509, 0.98009983
2041.769316074, 0.987700084
2041.648786639, 0.987000001
2041.528257204, 0.976700074
2041.407727768, 0.96760004
2041.287198333, 0.960699868
2041.166668898, 0.964700094
2041.046139463, 0.9743999
2040.925610028, 0.969400054
2040.805080593, 0.970100137
2040.684551158, 0.976700074
2040.564021723, 0.981599958
2040.443570873, 0.980300102
2040.323041438, 0.978500088
2040.202512002, 0.976500149
2040.081982567, 0.974000052
2039.961453132, 0.973499893
2039.840923697, 0.977500119
2039.720394262, 0.979099861
2039.599864827, 0.972800159
2039.479335392, 0.977400157
2039.358805957, 0.981100148
2039.238276521, 0.979500057
2039.117747086, 0.980799913
2038.997217651, 0.984499904
2038.876688216, 0.978199853
2038.755964246, 0.971000144
2038.635434811, 0.976399839
2038.514905376, 0.978899936
2038.394375941, 0.97699996
2038.273846506, 0.970499985
2038.153317071, 0.97539987
2038.032787636, 0.981300072
2037.9122582, 0.970899834
2037.791728765, 0.965399828
2037.67119933, 0.971900151
2037.550669895, 0.98009983
2037.43014046, 0.982699889
2037.309611025, 0.982900162
2037.18908159, 0.98169992
2037.068798035, 0.978799974
2036.948268599, 0.977299846
2036.827739164, 0.980300102
2036.707209729, 0.975999991
2036.586680294, 0.972000113
2036.466150859, 0.975600142
2036.345621424, 0.977400157
2036.225091989, 0.980899875
2036.104562554, 0.982000155
2035.984033118, 0.982000155
2035.863503683, 0.972699848
2035.742974248, 0.969300092
2035.622444813, 0.969400054
2035.501915378, 0.966199874
2035.381385943, 0.966099911
2035.260856508, 0.96450017
2035.14032201, 0.939599854
2035.019792575, 0.776100172
2034.89926314, 0.654499934
2034.778733705, 0.787099834
2034.65820427, 0.924200118
2034.537674835, 0.958300081
2034.4171454, 0.973399931
2034.296615964, 0.98120011
2034.176086529, 0.980400065
2034.055557094, 0.971699879
2033.935027659, 0.977099922
2033.814498224, 0.977400157
2033.693968789, 0.974299938
2033.573244819, 0.971399993
2033.452715384, 0.96969994
2033.332185949, 0.97069991
2033.211656514, 0.972000113
2033.091127079, 0.975299908
2032.970597644, 0.976399839
2032.850068208, 0.978899936
2032.729538773, 0.97699996
2032.609009338, 0.982799852
2032.488479903, 0.980999837
2032.367950468, 0.980300102
2032.247421033, 0.93000001
2032.126891598, 0.822899849
2032.006362163, 0.837499889
2031.885911313, 0.929399889
2031.765381877, 0.959200088
2031.644852442, 0.962800117
2031.524323007, 0.964099973
2031.403793572, 0.967999888
2031.283264137, 0.970899834
2031.162734702, 0.973499893
2031.042205267, 0.97860005
2030.921675832, 0.976399839
2030.801146396, 0.972200038
2030.680616961, 0.974000052
2030.560087526, 0.983599897
2030.439558091, 0.987199925
2030.319028656, 0.981799882
2030.198388334, 0.977099922
2030.077858899, 0.980400065
2029.957329463, 0.981599958
2029.836800028, 0.974600173
2029.716270593, 0.976099953
2029.595741158, 0.980400065
2029.475211723, 0.981599958
2029.354682288, 0.976700074
2029.234152853, 0.972399962
2029.113623418, 0.973000083
2028.993093982, 0.973000083
2028.872564547, 0.976700074
2028.752035112, 0.976800036
2028.631505677, 0.976199915
2028.510976242, 0.975099983
2028.390419567, 0.979300133
2028.269890132, 0.987600122
2028.149360697, 0.990699992
2028.028831262, 0.988600091
2027.908301827, 0.981599958
2027.787772391, 0.981599958
2027.667242956, 0.978700012
2027.546713521, 0.973700166
2027.426184086, 0.976099953
2027.305654651, 0.978099891
2027.185125216, 0.974100014
2027.064595781, 0.970799872
2026.944066346, 0.969999827
2026.82353691, 0.966400146
2026.703007475, 0.966700032
2026.58247804, 0.968799933
2026.46202719, 0.972499924
2026.341497755, 0.975099983
2026.22096832, 0.98169992
2026.100438885, 0.987800046
2025.97990945, 0.984699828
2025.859380015, 0.979200171
2025.738850579, 0.973200007
2025.618321144, 0.97130003
2025.497791709, 0.971900151
2025.377262274, 0.973499893
2025.256732839, 0.976600112
2025.136203404, 0.980699951
2025.015673969, 0.981899844
2024.895144534, 0.980899875
2024.774693684, 0.979899906
2024.654164249, 0.980799913
2024.533634813, 0.981599958
2024.413105378, 0.978799974
2024.292575943, 0.974800097
2024.172046508, 0.975199946
2024.051517073, 0.979600019
2023.930987638, 0.975800066
2023.810458203, 0.976099953
2023.689928768, 0.978999899
2023.569399332, 0.978199853
2023.448869897, 0.974499863
2023.328340462, 0.974900059
2023.207811027, 0.87000011
2023.087360177, 0.683099892
2022.966830742, 0.72059996
2022.846301307, 0.883100021
2022.725771872, 0.947899843
2022.605242437, 0.974299938
2022.484713001, 0.98020014
2022.364183566, 0.983599897
2022.243654131, 0.985800108
2022.123124696, 0.986000032
2022.002595261, 0.975000021
2021.882065826, 0.968300123
2021.761536391, 0.973399931
2021.641006956, 0.970499985
2021.52047752, 0.971499955
2021.399859376, 0.972100076
2021.27932994, 0.982000155
2021.158800505, 0.98590007
2021.03827107, 0.98020014
2020.917741635, 0.966799994
2020.7972122, 0.962399921
2020.676682765, 0.968600009
2020.55615333, 0.9743999
2020.435623895, 0.938699847
2020.315094459, 0.835200064
2020.194565024, 0.829899983
2020.074035589, 0.920400165
2019.953395267, 0.96339989
2019.832865832, 0.977299846
2019.712336397, 0.981499996
2019.591806962, 0.981899844
2019.471277526, 0.983399972
2019.350748091, 0.982699889
2019.230218656, 0.980799913
2019.109689221, 0.980599989
2018.989159786, 0.978300164
2018.868630351, 0.974000052
2018.748100916, 0.9723
2018.627571481, 0.967999888
2018.507042045, 0.971799841
2018.38651261, 0.969100168
2018.265983175, 0.964700094
2018.145532325, 0.973499893
2018.02500289, 0.975900029
2017.904473455, 0.981300072
2017.78394402, 0.986199956
2017.663414585, 0.98330001
2017.54288515, 0.977199884
2017.422355714, 0.975199946
2017.301826279, 0.98330001
2017.181296844, 0.988700054
2017.060767409, 0.986499842
2016.940237974, 0.970300061
2016.819708539, 0.951000062
2016.699179104, 0.948900161
2016.578649669, 0.963100004
2016.458198819, 0.972800159
2016.337669384, 0.976800036
2016.217139948, 0.982499965
2016.096610513, 0.97699996
2015.976081078, 0.970100137
2015.855551643, 0.964900018
2015.735022208, 0.964600132
2015.614492773, 0.96969994
2015.493963338, 0.975000021
2015.373433903, 0.982400003
2015.252904467, 0.982000155
2015.132375032, 0.98120011
2015.011845597, 0.981599958
2014.891316162, 0.982799852
2014.770592192, 0.98899994
2014.650062757, 0.984800138
2014.529533322, 0.971699879
2014.409003887, 0.96820016
2014.288474452, 0.971000144
2014.167945017, 0.973100045
2014.047415582, 0.976800036
2013.926886146, 0.981300072
2013.806356711, 0.977999929
2013.685827276, 0.974700135
2013.565297841, 0.983200048
2013.444768406, 0.980799913
2013.324238971, 0.971200068
2013.203709536, 0.976800036
2013.083258686, 0.983800169
2012.962729251, 0.982699889
2012.842199816, 0.980599989
2012.72167038, 0.971699879
2012.601140945, 0.96969994
2012.48061151, 0.974900059
2012.360082075, 0.978500088
2012.23955264, 0.982000155
2012.119023205, 0.977899967
2011.99849377, 0.977500119
2011.877964334, 0.975600142
2011.757434899, 0.977199884
2011.636905464, 0.973499893
2011.516376029, 0.96820016
2011.396031004, 0.96820016
2011.275501569, 0.969799902
2011.154972134, 0.887600057
2011.034442699, 0.722599898
2010.913913263, 0.75089997
2010.793383828, 0.901599976
2010.672854393, 0.954899977
2010.552324958, 0.96660007
2010.431795523, 0.973000083
2010.311266088, 0.978899936
2010.190736653, 0.975199946
2010.070207218, 0.96920013
2009.949566895, 0.970100137
2009.82903746, 0.979200171
2009.708508025, 0.979300133
2009.58797859, 0.976899998
2009.467449155, 0.978500088
2009.34691972, 0.969599978
2009.226390285, 0.970300061
2009.105860849, 0.969400054
2008.985331414, 0.96760004
2008.864801979, 0.96760004
2008.744272544, 0.975000021
2008.623743109, 0.978199853
2008.503213674, 0.983599897
2008.382684239, 0.935400053
2008.262154804, 0.842099887
2008.141703954, 0.865699998
2008.021174519, 0.939299968
2007.900645083, 0.963100004
2007.780115648, 0.971499955
2007.659586213, 0.974800097
2007.539056778, 0.98120011
2007.418527343, 0.988600091
2007.297997908, 0.98429998
2007.177468473, 0.979300133
2007.056939038, 0.983699859
2006.936409602, 0.977400157
2006.815880167, 0.9723
2006.695350732, 0.972599886
2006.574821297, 0.979200171
2006.454097327, 0.986299918
2006.333567892, 0.983800169
2006.213038457, 0.983499935
2006.092509022, 0.977999929
2005.971979587, 0.971200068
2005.851450152, 0.96450017
2005.730920717, 0.970300061
2005.610391281, 0.979799944
2005.489861846, 0.981100148
2005.369332411, 0.984000093
2005.248802976, 0.977700043
2005.128273541, 0.976600112
2005.007744106, 0.980699951
2004.887214671, 0.980300102
2004.766657996, 0.979600019
2004.646128561, 0.975299908
2004.525599126, 0.977899967
2004.405069691, 0.981300072
2004.284540255, 0.978099891
2004.16401082, 0.978300164
2004.043481385, 0.976600112
2003.92295195, 0.975099983
2003.802422515, 0.977400157
2003.68189308, 0.974800097
2003.561363645, 0.974600173
2003.44083421, 0.978999899
2003.320304774, 0.979899906
2003.199775339, 0.978700012
2003.079245904, 0.978400126
2002.958716469, 0.977800005
2002.838265619, 0.979799944
2002.717736184, 0.988199895
2002.597206749, 0.991099841
2002.476677314, 0.981899844
2002.356147879, 0.971599917
2002.235618443, 0.97390009
2002.115089008, 0.974299938
2001.994559573, 0.971200068
2001.874030138, 0.977500119
2001.753500703, 0.98009983
2001.632971268, 0.976899998
2001.512441833, 0.967899926
2001.391912398, 0.968500047
2001.271382962, 0.976500149
2001.150932112, 0.980599989
2001.030402677, 0.980899875
2000.909873242, 0.975000021
2000.789343807, 0.980699951
2000.668814372, 0.988500129
2000.548284937, 0.987600122
2000.427755502, 0.976899998
2000.307226067, 0.970799872
2000.186696631, 0.976700074
2000.066167196, 0.982000155
1999.945637761, 0.978400126
1999.825108326, 0.970499985
1999.704578891, 0.968500047
1999.584049456, 0.96760004
1999.463598606, 0.972100076
1999.343069171, 0.975099983
1999.222539736, 0.977400157
1999.1020103, 0.977099922
1998.981480865, 0.97069991
1998.86095143, 0.864700029
1998.740421995, 0.734800151
1998.61989256, 0.804499857
1998.499363125, 0.919900006
1998.37883369, 0.95609987
1998.258304255, 0.970100137
1998.137774819, 0.972100076
1998.017245384, 0.972100076
1997.896715949, 0.970200099
1997.77599198, 0.977500119
1997.655462544, 0.983900131
1997.534933109, 0.984399942
1997.414403674, 0.97390009
1997.293874239, 0.974100014
1997.173344804, 0.981100148
1997.052815369, 0.978500088
1996.932285934, 0.975499832
1996.811756499, 0.976800036
1996.691227063, 0.980899875
1996.570697628, 0.976099953
1996.450168193, 0.974900059
1996.329638758, 0.98169992
1996.209109323, 0.973499893
1996.088574826, 0.90339999
1995.96804539, 0.871200004
1995.847515955, 0.927000102
1995.72698652, 0.966799994
1995.606457085, 0.983000124
1995.48592765, 0.985299949
1995.365398215, 0.977400157
1995.24486878, 0.968500047
1995.124339345, 0.976199915
1995.003809909, 0.981499996
1994.883280474, 0.974199976
1994.762751039, 0.972599886
1994.642221604, 0.968999857
1994.521854401, 0.976199915
1994.401324966, 0.987000001
1994.280795531, 0.991500037
1994.160266096, 0.98169992
1994.039736661, 0.974100014
1993.919207226, 0.973700166
1993.798677791, 0.973299969
1993.678148356, 0.974900059
1993.55761892, 0.973599855
1993.437089485, 0.975999991
1993.31656005, 0.973399931
1993.196030615, 0.973200007
1993.07550118, 0.975499832
1992.954971745, 0.984000093
1992.83444231, 0.990400106
1992.71371834, 0.977199884
1992.593188905, 0.966099911
1992.47265947, 0.96450017
1992.352130035, 0.965600101
1992.2316006, 0.968799933
1992.111071164, 0.974199976
1991.990541729, 0.958799892
1991.870012294, 0.929299927
1991.749482859, 0.934099849
1991.628953424, 0.955300173
1991.508423989, 0.960699868
1991.387894554, 0.963900049
1991.267365119, 0.970499985
1991.146835683, 0.969300092
1991.026384833, 0.963299928
1990.905855398, 0.965899987
1990.785325963, 0.977800005
1990.664796528, 0.984599866
1990.544267093, 0.985199987
1990.423737658, 0.982100117
1990.303208223, 0.978400126
1990.182678788, 0.976800036
1990.062149352, 0.975900029
1989.941619917, 0.978300164
1989.821090482, 0.979099861
1989.700561047, 0.974299938
1989.580031612, 0.96809985
1989.459502177, 0.967400115
1989.339051327, 0.973499893
1989.218521892, 0.982400003
1989.097992457, 0.985299949
1988.977463021, 0.978899936
1988.856933586, 0.975800066
1988.736404151, 0.977400157
1988.615874716, 0.974499863
1988.495345281, 0.967199843
1988.374815846, 0.960000134
1988.254286411, 0.965899987
1988.133756976, 0.977099922
1988.01322754, 0.976199915
1987.892698105, 0.977600081
1987.77216867, 0.976600112
1987.651444701, 0.969599978
1987.530915265, 0.964299897
1987.41038583, 0.969599978
1987.289856395, 0.982000155
1987.16932696, 0.98020014
1987.048797525, 0.977800005
1986.92826809, 0.973399931
1986.807738655, 0.973599855
1986.68720922, 0.973000083
1986.566679784, 0.975700104
1986.446150349, 0.934099849
1986.325620914, 0.809999862
1986.205091479, 0.801599911
1986.084562044, 0.912400062
1985.964194841, 0.967700002
1985.843665406, 0.979500057
1985.723135971, 0.977299846
1985.602606536, 0.974600173
1985.482077101, 0.976800036
1985.361547666, 0.977800005
1985.241018231, 0.979400095
1985.120488795, 0.978899936
1984.99995936, 0.973700166
1984.879429925, 0.971000144
1984.75890049, 0.970799872
1984.638371055, 0.970400023
1984.51784162, 0.974199976
1984.397312185, 0.974800097
1984.27678275, 0.972399962
1984.156248252, 0.967300153
1984.035718817, 0.967899926
1983.915189382, 0.974900059
1983.794659947, 0.964700094
1983.674130512, 0.910799972
1983.553601077, 0.888400103
1983.433071641, 0.940399899
1983.312542206, 0.974600173
1983.192012771, 0.983499935
1983.071483336, 0.984200018
1982.950953901, 0.973000083
1982.830424466, 0.967700002
1982.709895031, 0.970899834
1982.589254708, 0.976199915
1982.468725273, 0.979799944
1982.348195838, 0.98120011
1982.227666403, 0.985399911
1982.107136968, 0.993499976
1981.986607533, 0.986499842
1981.866078098, 0.984200018
1981.745548663, 0.991699961
1981.625019227, 0.991699961
1981.504489792, 0.985800108
1981.383960357, 0.984200018
1981.263430922, 0.985199987
1981.142901487, 0.981100148
1981.022372052, 0.979799944
1980.901842617, 0.976700074
1980.781475414, 0.977500119
1980.660945979, 0.976299877
1980.540416544, 0.970499985
1980.419887109, 0.972699848
1980.299357674, 0.978899936
1980.178828239, 0.977899967
1980.058298803, 0.973700166
1979.937769368, 0.975000021
1979.817239933, 0.977999929
1979.696710498, 0.977500119
1979.576181063, 0.974700135
1979.455651628, 0.978300164
1979.335122193, 0.975900029
1979.214592758, 0.96969994
1979.094063322, 0.96920013
1978.973339353, 0.972399962
1978.852809918, 0.975299908
1978.732280483, 0.975499832
1978.611751047, 0.974700135
1978.491221612, 0.972599886
1978.370692177, 0.980999837
1978.250162742, 0.983699859
1978.129633307, 0.976500149
1978.009103872, 0.971200068
1977.888574437, 0.972699848
1977.768045001, 0.981100148
1977.647515566, 0.987199925
1977.526986131, 0.982699889
1977.406456696, 0.969400054
1977.286005846, 0.967400115
1977.165476411, 0.9743999
1977.044946976, 0.980300102
1976.924417541, 0.978199853
1976.803888106, 0.973299969
1976.683358671, 0.976700074
1976.562829235, 0.979600019
1976.4422998, 0.975199946
1976.321770365, 0.974700135
1976.20124093, 0.977500119
1976.080711495, 0.982499965
1975.96018206, 0.987000001
1975.839652625, 0.981100148
1975.71912319, 0.980799913
1975.59867234, 0.978899936
1975.478142904, 0.978400126
1975.357613469, 0.979999868
1975.237084034, 0.977700043
1975.116554599, 0.979899906
1974.996025164, 0.983800169
1974.875495729, 0.984900101
1974.754966294, 0.98009983
1974.634436859, 0.983399972
1974.513907423, 0.979699982
1974.393377988, 0.972399962
1974.272848553, 0.975000021
1974.152319118, 0.980699951
1974.031789683, 0.979200171
1973.911255186, 0.982400003
1973.79072575, 0.947899843
1973.670196315, 0.846399999
1973.54966688, 0.842500084
1973.429137445, 0.923999846
1973.30860801, 0.958500005
1973.188078575, 0.974199976
1973.06754914, 0.982200079
1972.947019705, 0.98330001
1972.826490269, 0.982900162
1972.705960834, 0.977099922
1972.585431399, 0.969899864
1972.464901964, 0.966899957
1972.344451114, 0.975299908
1972.223921679, 0.985000063
1972.103392244, 0.984100055
1971.982862809, 0.98009983
1971.862333374, 0.982200079
1971.741803938, 0.984900101
1971.621274503, 0.985199987
1971.500745068, 0.986299918
1971.380215633, 0.977899967
1971.259686198, 0.969500016
1971.139156763, 0.956600029
1971.018627328, 0.925400012
1970.898097893, 0.930399858
1970.777568457, 0.959799861
1970.656928135, 0.972499924
1970.5363987, 0.979099861
1970.415869265, 0.979300133
1970.29533983, 0.977500119
1970.174810395, 0.977099922
1970.05428096, 0.985399911
1969.933751524, 0.985700146
1969.813222089, 0.980400065
1969.692692654, 0.979899906
1969.572163219, 0.977899967
1969.451633784, 0.981799882
1969.331104349, 0.984900101
1969.210574914, 0.98120011
1969.090045479, 0.972200038
1968.969516043, 0.971499955
1968.848875721, 0.976899998
1968.728346286, 0.976700074
1968.607816851, 0.974199976
1968.487287416, 0.974499863
1968.366757981, 0.976399839
1968.246228546, 0.97539987
1968.12569911, 0.975900029
1968.005169675, 0.976199915
1967.88464024, 0.976299877
1967.764110805, 0.978700012
1967.64358137, 0.975199946
1967.523051935, 0.952600152
1967.4025225, 0.937599916
1967.281993065, 0.955799984
1967.161463629, 0.97069991
1967.041012779, 0.971900151
1966.920483344, 0.977899967
1966.799953909, 0.985100025
1966.679424474, 0.983699859
1966.558895039, 0.977600081
1966.438365604, 0.972699848
1966.317836169, 0.970899834
1966.197306734, 0.973000083
1966.076777298, 0.975199946
1965.956247863, 0.974800097
1965.835718428, 0.970599947
1965.715188993, 0.97390009
1965.594659558, 0.981599958
1965.474130123, 0.98020014
1965.353679273, 0.978799974
1965.233149838, 0.975499832
1965.112620403, 0.972200038
1964.992090967, 0.974900059
1964.871561532, 0.979200171
1964.751032097, 0.983000124
1964.630502662, 0.979899906
1964.509973227, 0.977600081
1964.389443792, 0.978899936
1964.268914357, 0.982499965
1964.148384922, 0.98739985
1964.027855486, 0.986099994
1963.907326051, 0.980899875
1963.786796616, 0.973700166
1963.666072647, 0.968600009
1963.545543211, 0.97130003
1963.425013776, 0.977400157
1963.304484341, 0.974499863
1963.183954906, 0.972499924
1963.063425471, 0.975299908
1962.942896036, 0.969999827
1962.822366601, 0.968699971
1962.701837166, 0.977700043
1962.58130773, 0.982900162
1962.460778295, 0.983699859
1962.34024886, 0.980899875
1962.219719425, 0.974199976
1962.09918999, 0.979699982
1961.978655493, 0.985399911
1961.858126057, 0.975499832
1961.737596622, 0.966799994
1961.617067187, 0.972399962
1961.496537752, 0.978199853
1961.376008317, 0.97390009
1961.255478882, 0.969799902
1961.134949447, 0.972499924
1961.014420012, 0.975000021
1960.893890576, 0.922099869
1960.773361141, 0.86840002
1960.652831706, 0.912899873
1960.532302271, 0.967199843
1960.411745596, 0.973100045
1960.291216161, 0.969400054
1960.170686726, 0.969599978
1960.050157291, 0.974600173
1959.929627856, 0.974800097
1959.809098421, 0.973200007
1959.688568985, 0.975000021
1959.56803955, 0.975299908
1959.447510115, 0.975000021
1959.32698068, 0.979400095
1959.206451245, 0.979400095
1959.08592181, 0.973100045
1958.965392375, 0.970799872
1958.84486294, 0.972399962
1958.724333504, 0.973100045
1958.603804069, 0.968699971
1958.483436867, 0.971599917
1958.362907432, 0.967700002
1958.242377997, 0.93939993
1958.121848561, 0.937399991
1958.001319126, 0.964900018
1957.880789691, 0.971599917
1957.760260256, 0.972900121
1957.639730821, 0.979200171
1957.519201386, 0.98120011
1957.398671951, 0.982000155
1957.278142516, 0.977999929
1957.15761308, 0.97539987
1957.037083645, 0.97390009
1956.91655421, 0.9743999
1956.796024775, 0.976899998
1956.675573925, 0.977600081
1956.55504449, 0.98330001
1956.434515055, 0.985700146
1956.31398562, 0.978899936
1956.193456185, 0.974900059
1956.072926749, 0.980500027
1955.952397314, 0.981499996
1955.831867879, 0.975199946
1955.711338444, 0.975700104
1955.590809009, 0.978500088
1955.470279574, 0.982400003
1955.349750139, 0.985599835
1955.229220704, 0.984200018
1955.108691268, 0.977299846
1954.988050946, 0.967700002
1954.867521511, 0.96820016
1954.746992076, 0.972399962
1954.626462641, 0.974199976
1954.505933206, 0.974299938
1954.385403771, 0.972900121
1954.264874335, 0.975499832
1954.1443449, 0.979799944
1954.023815465, 0.980899875
1953.90328603, 0.978099891
1953.782756595, 0.978500088
1953.66222716, 0.981599958
1953.541697725, 0.98169992
1953.42116829, 0.974800097
1953.300638854, 0.965999949
1953.179998532, 0.967899926
1953.059469097, 0.972100076
1952.938939662, 0.971799841
1952.818410227, 0.974299938
1952.697880792, 0.979200171
1952.577351357, 0.98120011
1952.456821921, 0.984000093
1952.336292486, 0.983800169
1952.215763051, 0.975299908
1952.095233616, 0.969599978
1951.974704181, 0.97069991
1951.854174746, 0.9743999
1951.733645311, 0.975600142
1951.613115876, 0.976600112
1951.49258644, 0.984200018
1951.372219238, 0.99060003
1951.251689803, 0.987099963
1951.131160368, 0.980300102
1951.010630933, 0.976899998
1950.890101497, 0.97699996
1950.769572062, 0.977500119
1950.649042627, 0.977600081
1950.528513192, 0.978400126
1950.407983757, 0.977199884
1950.287454322, 0.973399931
1950.166924887, 0.970799872
1950.046395451, 0.97539987
1949.925866016, 0.98169992
1949.805336581, 0.982499965
1949.684807146, 0.978999899
1949.564083176, 0.973399931
1949.443553741, 0.973800128
1949.323024306, 0.979799944
1949.202494871, 0.982000155
1949.081965436, 0.974000052
1948.961436001, 0.972399962
1948.840906566, 0.985800108
1948.720377131, 0.98639988
1948.599847695, 0.978700012
1948.47931826, 0.975900029
1948.358788825, 0.975600142
1948.23825939, 0.980699951
1948.117729955, 0.98590007
1947.99720052, 0.983100086
1947.87674967, 0.945999867
1947.756220235, 0.905100043
1947.6356908, 0.923699959
1947.515161364, 0.959799861
1947.394631929, 0.967999888
1947.274102494, 0.967999888
1947.153573059, 0.968999857
1947.033043624, 0.973000083
1946.912514189, 0.984100055
1946.791984754, 0.990199833
1946.671455319, 0.984900101
1946.550925883, 0.979500057
1946.430396448, 0.973200007
1946.309867013, 0.971399993
1946.189332516, 0.978199853
1946.068803081, 0.979600019
1945.948273646, 0.972100076
1945.82774421, 0.969400054
1945.707214775, 0.974600173
1945.58668534, 0.969300092
1945.466155905, 0.965800025
1945.34562647, 0.957400074
1945.225097035, 0.937699878
1945.1045676, 0.94830004
1944.984038165, 0.967199843
1944.863508729, 0.970300061
1944.742979294, 0.978799974
1944.622612092, 0.98739985
1944.502082657, 0.982799852
1944.381553222, 0.97130003
1944.261023786, 0.972900121
1944.140494351, 0.979600019
1944.019964916, 0.976199915
1943.899435481, 0.973200007
1943.778906046, 0.973200007
1943.658376611, 0.977099922
1943.537847176, 0.98009983
1943.417317741, 0.973499893
1943.296788305, 0.969400054
1943.17625887, 0.974499863
1943.055729435, 0.980300102
1942.9352, 0.976800036
